Distortion,wav2vec2-base-lm,wav2vec2-base-voxpopuli,whspr-small,owsm4,owsm-ctc4
clean,0.07636493506493508,0.16354320346320345,0.034524935064935064,0.056269004329004335,0.029343549783549788
fast,0.7486392207792208,0.7885442424242425,0.9044524675324674,0.8424706493506493,0.871406406926407
reversed,0.5896683982683982,0.7011350649350648,1.0874915151515152,0.7689331601731602,0.6573225974025975
narrowband,0.9414496969696969,0.967504329004329,0.971092987012987,1.2395081385281386,0.9658597402597402
tone_vocoded,0.44117385281385285,0.482788051948052,1.5205220779220778,0.9222086580086579,0.6259575757575757
noise_vocoded,0.40477731601731604,0.4861880519480519,0.2671095238095238,0.5886547186147186,0.36741160173160176
glimpsed,0.5293580086580086,0.9039471861471863,0.5178414718614719,0.5835235497835498,0.3714958441558442
sculpted,0.7028069264069263,0.8540417316017316,1.5967561904761904,0.9441509956709957,0.9360684848484847
