Distortion,whspr-small,owsm-ctc4,wavlm-large,wav2vec2-large-xlrs,wav2vec2-base-lm
0.5,0.0544,0.0421,0.1133,0.14158974818532127,0.850296759428402
1.5,0.2066,0.2365,0.3715042015068899,0.3219684697415677,0.8636629970978927
2.5,0.9427,0.9063,0.7511563622326235,0.6690150068588997,0.908800761027663
