Condition,owsm-ctc4,owsm4,wav2vec2-base-lm,wav2vec2-large-xlsr,wavlm-large,whspr-small
0.5,0.0301,0.06451612903225806,0.25,0.125,0.1064,0.015
1.5,0.2336,0.23275862068965517,0.5625,0.3115,0.3836,0.1717
2.5,0.9177,0.927536231884058,0.7647,0.6752,0.7614,0.7143
