Distortion,whspr-small,owsm-ctc4,wavlm-large,wav2vec2-large-xlrs,wav2vec2-base-lm
0.5,0.05026727272727273,0.055835670995670994,0.13833627705627707,0.154879107206779,0.8597524708582748
1.5,0.24770969696969694,0.2842524675324675,0.4087263069977832,0.3329941826105715,0.8747027774603922
2.5,0.8763127272727272,0.8767392207792206,0.7532930371454033,0.6683040057176352,0.9186974016550967
