Condition,owsm-ctc4,owsm4,wav2vec2-base-lm,wav2vec2-large-xlsr,wavlm-large,whspr-small
0.5,0.029787234042553193,0.06164383561643835,0.2413793103448276,0.1242603550295858,0.10606060606060606,0.015037593984962405
1.5,0.22745098039215686,0.2261904761904762,0.5576923076923077,0.3073770491803279,0.38095238095238093,0.16666666666666666
2.5,0.9177215189873418,0.9270833333333334,0.7638888888888888,0.6716417910447762,0.7608695652173914,0.7
