Condition,owsm-ctc4,owsm4,wav2vec2-base-lm,wav2vec2-large-xlsr,wavlm-large,whspr-small
0.5,0.04056788291630134,0.07590676144817325,0.2271135832155267,0.13927663469034948,0.11193054455076763,0.053285871499802996
1.5,0.23029688924916406,0.24163383170507907,0.5268235836145101,0.315283157901853,0.36711782034399904,0.19563170405683922
2.5,0.8847169037199125,0.873036711864175,0.7439739903146707,0.6575968506511197,0.7435664402563857,0.6470398036213905
