Condition,owsm-ctc4,owsm4,wav2vec2-base-lm,wav2vec2-large-xlsr,wavlm-large,whspr-small
0.5,0.0421,0.08345109501127065,0.23783493144547002,0.14158974818532127,0.1133,0.0544
1.5,0.2365,0.2563505139004736,0.5380824033033013,0.3219684697415677,0.3715042015068899,0.2066
2.5,0.9063,0.8982125500630743,0.7572294181309326,0.6690150068588997,0.7511563622326235,0.9427
