Distortion,whspr-small,owsm4,owsm-ctc4,wavlm-large,wav2vec2-large-xlsr,wav2vec2-base-lm
clean,0.0,0.012953367875647668,0.0042,0.057692307692307696,0.0744,0.0497
fast,0.6944,0.9245283018867925,0.915,0.7590361445783133,0.6738,0.75
reversed,0.5778,0.8260869565217391,0.6818,0.5102040816326531,0.5758,0.5824
narrowband,0.9785,0.9692307692307692,0.97,1.0,0.7925,0.9529
tone_vocoded,0.9697,0.9457831325301205,0.5847,0.43283582089552236,0.6087,0.4308
noise_vocoded,0.1863,0.3770491803278688,0.3103,0.2903225806451613,0.4372,0.3873
glimpsed,0.3824,0.35714285714285715,0.3315,0.47619047619047616,0.5333,0.5317
sculpted,0.7049180327868853,0.8888888888888888,0.9411764705882353,0.7530864197530864,0.6812,0.6949
