Condition,owsm-ctc4,owsm4,wav2vec2-base-lm,wav2vec2-large-xlsr,wavlm-large,whspr-small
mid_only_1_3,0.9701,0.9261083743842364,0.9444,0.793,1.0,0.9785
mid_only_2_3,0.9647,0.5706521739130435,0.7687,0.6992,0.6881,0.7971
mid_only_1.0,0.9677,0.26627218934911245,0.6438,0.5469,0.3313,0.2613
low_mid_1_3,0.9796,0.9696969696969697,0.75,0.6667,0.7391,0.9783
high_mid_1_3,1.0,0.9548872180451128,0.8182,0.7273,0.8421,0.976
low_high_1_3,0.9776,0.9333333333333333,0.7972,0.6741,0.9583,0.9785
all_bands_1_3,0.6989,0.7972508591065293,0.5775,0.5361,0.29878048780487804,0.7234
