Condition,whspr-small,owsm-ctc4,wav2vec2-base-lm,wavlm-large,wav2vec2-large-xlsr,owsm4,ft-whspr-small_enc
low_mid_1_3,1.031314199134199,0.9725641558441559,0.7524687445887446,0.7306290043290044,0.663303722943723,,
high_mid_1_3,1.203443722943723,0.9800886580086579,0.8106416450216449,0.8255642424242424,0.7224414718614719,,
low_high_1_3,0.9708044155844158,0.9709023376623377,0.7753629437229438,0.9274793939393938,0.6686245021645022,,
all_bands_1_3,0.710468051948052,0.6535938528138528,,,,0.7497951515151515,
mid_only_1_3,0.971092987012987,0.9671554978354978,0.9395057142857142,0.9947531601731601,0.8082402597402597,,
mid_only_2_3,1.7798942857142857,0.9609336796536797,0.7739367965367965,0.6891291774891776,0.6893640692640692,,
mid_only_1.0,0.38640372294372294,0.9602461471861472,0.647657922077922,0.37581350649350653,0.5380863203463203,,
