Distortion,wav2vec2-large-xlsr,wav2vec2-base-lm,wavlm-large,owsm-ctc4,whspr-small,ft-whspr-small
low_mid_1_3,0.6596538151336968,0.8626220987543687,0.7077143664651506,0.9812,1.0625,
high_mid_1_3,0.7348052968628289,0.9302529176173768,0.8180702709782376,0.9874,1.1963,
low_high_1_3,0.6706832015551435,0.8926564966532705,0.9269165282248892,0.9822,0.9801,
mid_only_1_3,0.8285688681781521,0.986764736294264,0.9956571790965554,0.97,0.9801,1.4121
mid_only_2_3,0.7013793626393322,0.9098968063032944,0.6690356869584398,0.9673,1.924,
mid_only_1.0,0.5401297331577822,0.8699566407246306,0.33984986247733806,0.9684,0.367,
