Distortion,wav2vec2-large-xlsr,wav2vec2-base-lm,wavlm-large,owsm-ctc4,whspr-small,ft-whspr-small
low_mid_1_3,0.6628690416274675,0.8800286679297569,0.7285891230017251,0.9725641558441559,1.031314199134199,
high_mid_1_3,0.7218974181541876,0.9358030683198375,0.8246226620428854,0.9800886580086579,1.203443722943723,
low_high_1_3,0.6681896721797251,0.9039385317612948,0.9267639651528212,0.9709023376623377,0.9708044155844158,
mid_only_1_3,0.8078621155276435,0.9876639042565633,0.9947523191913359,0.9671554978354978,0.971092987012987,1.189895064935065
mid_only_2_3,0.6888918842823698,0.9189109247003547,0.6876708257518974,0.9609336796536797,1.7798942857142857,
mid_only_1.0,0.5376414207478918,0.8808999567230301,0.37387372934412205,0.9602461471861472,0.38640372294372294,
