Condition,whspr-small,owsm4,owsm-ctc4,wavlm-large,wav2vec2-large-xlsr,wav2vec2-base-lm
20ms,0.0467,0.0479,0.0418,0.0949,0.1354,0.17328372294372293
31ms,0.0745,0.074,0.065,0.1402,0.1813,0.2358451948051948
40ms,0.1889,0.1842,0.1329,0.2057,0.2762,0.3268082251082251
50ms,0.3795,0.5397,0.3468,0.367,0.4226,0.4673497835497835
62ms,0.5884,0.7499,0.6559,0.5183,0.5851,0.5845770562770563
80ms,0.7258,0.8003,0.8771,0.6359,0.6973,0.6622860606060605
