Condition,owsm-ctc4,owsm4,wav2vec2-base-lm,wav2vec2-large-xlsr,wavlm-large,whspr-small
20ms,0.0322,0.03739651333521752,0.12431497170273047,0.1291,0.0795,0.0381
31ms,0.0498,0.05582937539206022,0.1876443298613744,0.1723,0.1146,0.0577
40ms,0.104,0.1399698070546713,0.27818180564842454,0.2621,0.173,0.1743814926895848
50ms,0.3212,0.5195,0.4258790765646219,0.3961,0.3297,0.45538957860850504
62ms,0.6804,0.746455086270482,0.5557983552427499,0.5597,0.4912,1.1664
80ms,0.9112,0.8499,0.6382568054760903,0.6765,0.6252,2.0522517181716036
