Condition,ft-whspr-small,whspr-small
clean,,
0.5,0.1660680926744194,0.0544
1.5,0.1847973694913385,0.2066
2.5,0.39578953173361275,0.9427
