Condition,ft-whspr-small,whspr-small
clean,,
0.5,0.09722222222222222,0.015
1.5,0.15023474178403756,0.1717
2.5,0.3515625,0.7143
